username,
aliarchdeacon_,
thomasyohei,
lexibernhoft,
jayschilter,
wholesome.mils,
jadenversluis,
hindzsight,
thehunterrae,
kellyannestone,
codialyn_,
oliviasever,
martina.chicki,
500daysofnatalie,
_rachaelhiller,
sacredthomas,
mariamadelinee,
madelinerebecca_,
mskimhale,
annapedron,
isabellafaryn,
mekenzikuhn,
tiannastables,
madeleinemcinnisss,
samboderek,
laurenssuitcase,
alessiasculpt,
vibewithgracierose,
victoria.correiaaa,
loisvier,
ccaammrryynn,
theashleynez,
lolaokola,
rami.ykmour,
ludiclibra,
tash.tyson,
macyhawkes,
michelleamoree,
charzilla_fpv,
ajavines,
cynharlow,
lovelolaklaire,
vivalaesme,
the_meghanrose,
emilyjuneeeee,
yankellyvilla,
vnessali,
ellenbarron8,
e.mxvii,
lifewithhopee,
brandangl,
danieladibx,
tanyabadillo,
dillionial,
melbournewithviv,
isaidwoahhhhh,
brooke_behaylo,
liv.laugh.l0ve,
itsbrookeelle,
courageouslykind,
samraward,
bellebower,
winxfairyx,
whipplequincy,
mattiasblanco,
aliaci5,
yblimited,
yunaaleee,
notluxe,
prettyprogress23,
hopemoquin,
bbiijaja,
deandrakanu,
bigmakbites,
iamjessicajuarez,
doc.iggy,
declanthecreator,
cecileemax,
vivianyunn,
grace_lemire,
tabitha_gonzalez,
katelyndewitt_,
jonasbraaten,
travellingtuesdays,
cathynebria,
kenziemassee,
.emilykayy,
lostwithlucy,
lenalifts,
morganwaterhouse,
afrozuri_,
vythetruth777,
joplacencio,
graces.pace,
itstarekali,
kylieholbeck,
deethiopian,
yogimagee,
sociallykels,
folahontas,
ourtouringlife,
moniquecastrission,
whitepearlsunnies,
lizzyfromtheblock99,
kaylalittle56,
carielizabethh,
bodhijako,
thevonbks,
sunny.poudel,
ellifeingold,
empathbrandon,
lovethetillerys,
aliatortillla,
juicyjrock,
faithhh.marieee,
coachrichg,
lexi__good__,
faithenokian,
bejewelledbud,
jordanneadventures,
withambernicole,
briwalston,
itsalreadyyourss,
thekatieromero,
rileejsmith,
nikhiliyerofficial,
alexisbarber_,
julesandersonn,
hana.belay,
nicolekauffman3,
laaurenvs,
jaydowney_,
ashleymangin,
shariyawise,
emilygrosser,
justmebeccca,
allyssareaa,
babaeerugs,
capcarter,
jenna.rachel.kaplan,
vertoeducation,
alwaysmanifestingmagic,
shawnacischroeder,
laurenmrileyy,
the_happihippi,
erikaenriquez,
rachthepa,
sydneyerreraa,
kierstenparkin,
welcometoheidi,
towingwildoats,
linneagonzales,
jaiden_westrom,
michelleschimanski,
actuallyashly,
ccarissaax,
sky_fire_arts,
drivenbybeauty,
calebnowland,
arianavitale,
mayiemapili,
nurse_cerys,
veraviajera,
lindzoutside,
danyollee,
ericjohncampbell,
makaylamshaw,
shayla.quinn,
travelvlogupdate,
lifeofnikki_o,
piericantos,
vanessatiiu,
_harsehaj,
georgiaellen7,
avery.folkman,
dominiquelissa,
savannahsakosky,
mads.skin,
jaz.mcnew,
coachrachelleindra,
ohmygyatt123,
wherebrooklyn.at,
dani.stevens02,
arina.negishi,
curatiowillow,
wenttherelovedthat,
drelisabethprinceton,
colbyplett,
therealelwoods,
kymjacksonsmith,
taylen_louise,
tori.gerbig,
erdenweiner,
sameenxhanan,
michaeljaimie,
livin.withflair,
pennyinphilly,
lavasiam,
emshelx,
tphills,
clarestevensonn,
melany.cecilia,
tayjanee__,
brandichloe,
princesspellow,
dashakofman,
aiza_talks,
gabbygoodman,
theloverspassport,
natureinhereyes,
hannahazok,
yoga4eva_,
lola.calistamon,
bookedbabyyy,
siennakitchener,
_the_memequeen,
ellacolton,
skyelyssaa,
flourishbee3,
ashley.paiige,
jessmollybell,
highboyla,
trinityfanale,
mayaaristii,
jessicarosepnw,
foodwithsoy,
georgiaedavies,
vaydamaher,
millennialcrisis,
susiejtodd,
mkennajoe,
theedgyveg,
runawaywithdre,
lucymneville,
ryleepetersenn,
alexandrasirek,
mostatravelandbeauty,
samstoitsis,
colemicek12,
abbeyfwebbers,
georgiarosetan,
madisonandonovski,
olirossmusic,
ausbackpacker,
sofiaqistinee,
juliecarstairs,
elisolidum,
ellaajaee,
aishatami,
californiaistoocasual,
ttorisstory,
avafrancis,
manifestinggaia,
melissamclghln,
kaylabentley_,
roamaroo_travel,
alexxmara,
kay_caputo,
emmagoudge,
itstherealkimshady,
rubyyydoobyy,
keonalozada,
hollyb_fitness,
mariabethany,
amberblaskitravels,
heidi.mcc,
itspasc,
wldrthings,
haleyjarvis,
lauraelizabeth6,
dadaeats,
mckenziefeeney,
elloise_fit,
reynapizarro,
linet.chege,
taylahkate67,
_by.catalina,
breewoolard,
karly.bailey,
daishagesare,
whoaaitschlo,
shannontaruc,
ashleythemogulbu,
jaclynbennett_,
maggiecertosimo,
thebeccaflores,
tillyoddyblack,
kileylove16,
chloesgapyear,
nylah.akua,
parul.sanjiv,
happinessbycady,
mandanazarghami,
newgracetaylorr19,
christianbahaya,
angeli.yuson,
cicii_mitchell,
anawolfermann,
yuna.batmunkh,
devonandwillo,
silverliberation,
ladiestakenotes,
secludedthoughts,
pilotisabelle,
anikobollok,
madison.mathu,
taylorryannardone,
thereframequeen,
joshlxpez,
millie_marshall,
alyssataylorharper,
meganbair,
zos_life,
alanahogan,
jaylamegs,
theitalianceo,
ivory.camisha,
thetaebrentwood,
